{
  "Rhodes Hall": [
    [39.133256, -84.516537],
    [39.132565, -84.516420],
    [39.132613, -84.515948],
    [39.133270, -84.515860],
    [39.133333, -84.516069]
  ],
  "Baldwin Hall": [
    [39.133252, -84.516552],
    [39.133219, -84.516983],
    [39.133090, -84.516953],
    [39.133106, -84.516808],
    [39.132973, -84.516786],
    [39.132968, -84.516840],
    [39.132793, -84.516795],
    [39.132802, -84.516737],
    [39.132679, -84.516708],
    [39.132651, -84.516847],
    [39.132506, -84.516811],
    [39.132565, -84.516414]
  ],
  "Swift Hall": [
    [39.132614, -84.517069],
    [39.132394, -84.517017],
    [39.132309, -84.517735],
    [39.132489, -84.517807]
  ]
}
